Kunal,2-November-2024,Completed,Medium
Kunal3,2-November-2028,Completed,High
Kunal4,3-January-2027,Pending,Medium
Kunal5,5-February-2026,Pending,Low
Kunal6,12-March-2026,Completed,High
Kunal7,7-April-2024,Pending,Medium
Kunal8,8-May-2025,Pending,High
Kunal10,10-July-2028,Completed,Medium
Kunal11,11-August-2024,Pending,High
Kunal13,13-October-2026,Completed,Medium
Kunal14,14-November-2029,Pending,High
Kunal16,16-January-2026,Completed,Medium
Kunal17,17-February-2027,Pending,High
Kunal19,19-April-2025,Completed,Medium
Kunal20,20-May-2028,Pending,High
Kunal21,21-June-2026,Pending,Low
Kunal22,22-July-2027,Completed,Medium
Kunal23,23-August-2029,Pending,High
Kunal24,24-September-2024,Pending,Low
Kunal25,25-October-2026,Completed,Medium
Kunal26,26-November-2028,Pending,High
Kunal27,27-December-2025,Pending,Low
Kunal28,28-January-2027,Completed,Medium
Kunal29,28-February-2026,Pending,High
Kunal30,30-March-2026,Pending,Low
Kunal2,2-August-2025,Pending,Medium
Kunal91,9-June-2027,Pending,Low
Kunal5,5-February-2026,Pending,Medium
Kunal310,30-April-2024,Pending,Medium
Kunal120,12-September-2026,Completed,Low
Kunal18,18-March-2024,Pending,Low
Kunal15,15-December-2025,Completed,Low
